{"cameraMode":{"drawMode":0,"name":"Shaded","section":"Shading Mode"},"sceneLighting":true,"audioPlay":false,"sceneViewState":{"showFog":true,"showMaterialUpdate":false,"showSkybox":true,"showFlares":true,"showImageEffects":true,"showParticleSystems":true},"in2DMode":false,"pivot":{"x":-3.914531707763672,"y":1.3924825191497803,"z":-8.208088874816895},"rotation":{"x":0.08509933948516846,"y":0.9143054485321045,"z":-0.29672250151634219,"w":0.2622206211090088},"size":5.857884883880615,"orthographic":false}